{
  "LSTM-CNN": {
    "MSE": 0.0015205750241875648,
    "MAE": 0.010556124150753021,
    "RMSE": 0.03873474523425102,
    "PSNR": 28.297414779663086,
    "SSIM": 0.902731716632843,
    "Correlation": 0.9338145929072632,
    "classification": {
      "10dBZ": {
        "CSI": 0.7068126206027021,
        "POD": 0.7385478577268618,
        "FAR": 0.05757778356045948,
        "Accuracy": 0.9753709411621094,
        "F1": 0.8276040405441263
      },
      "15dBZ": {
        "CSI": 0.6971820412820725,
        "POD": 0.7241711912414314,
        "FAR": 0.051211722707166445,
        "Accuracy": 0.9787602233886719,
        "F1": 0.8207796945046849
      },
      "20dBZ": {
        "CSI": 0.6958028541725209,
        "POD": 0.7394972236335277,
        "FAR": 0.07958175522649583,
        "Accuracy": 0.9837229919433593,
        "F1": 0.8196282975555315
      },
      "25dBZ": {
        "CSI": 0.6852370640793205,
        "POD": 0.7771220590376019,
        "FAR": 0.14948833043713006,
        "Accuracy": 0.9885710144042968,
        "F1": 0.8116652984176487
      },
      "30dBZ": {
        "CSI": 0.6443040228290523,
        "POD": 0.82975976064109,
        "FAR": 0.2593962472507176,
        "Accuracy": 0.9917683410644531,
        "F1": 0.781450775826068
      },
      "35dBZ": {
        "CSI": 0.6337355514259356,
        "POD": 0.7269329319197424,
        "FAR": 0.171788577729548,
        "Accuracy": 0.9938031005859375,
        "F1": 0.7728793315246673
      },
      "40dBZ": {
        "CSI": 0.43994012820253914,
        "POD": 0.684447565483681,
        "FAR": 0.4489063466050369,
        "Accuracy": 0.99498046875,
        "F1": 0.605741979637533
      }
    }
  },
  "ViT": {
    "MSE": 0.0009309201850555837,
    "MAE": 0.009277223609387875,
    "RMSE": 0.030319612473249435,
    "PSNR": 30.421432495117188,
    "SSIM": 0.9314110279083252,
    "Correlation": 0.9584409810248016,
    "classification": {
      "10dBZ": {
        "CSI": 0.7946436154942397,
        "POD": 0.870987102524917,
        "FAR": 0.09948213262810243,
        "Accuracy": 0.9818940734863282,
        "F1": 0.8853359333079969
      },
      "15dBZ": {
        "CSI": 0.8010029671041947,
        "POD": 0.8603986983608454,
        "FAR": 0.0796321141858336,
        "Accuracy": 0.9855497741699218,
        "F1": 0.8892298598668589
      },
      "20dBZ": {
        "CSI": 0.7815282649287418,
        "POD": 0.868875774154963,
        "FAR": 0.11476642584584354,
        "Accuracy": 0.9877972412109375,
        "F1": 0.8768429343347686
      },
      "25dBZ": {
        "CSI": 0.7290862137267898,
        "POD": 0.8858702567732439,
        "FAR": 0.19663163855721993,
        "Accuracy": 0.9895524597167968,
        "F1": 0.8420689440490158
      },
      "30dBZ": {
        "CSI": 0.6711846489684195,
        "POD": 0.9047998924038694,
        "FAR": 0.27880064455512144,
        "Accuracy": 0.9921842956542969,
        "F1": 0.8009442237621553
      },
      "35dBZ": {
        "CSI": 0.6985762817159812,
        "POD": 0.7911612980988187,
        "FAR": 0.14518109639189472,
        "Accuracy": 0.9949990844726563,
        "F1": 0.8204730610133314
      },
      "40dBZ": {
        "CSI": 0.5312228600046652,
        "POD": 0.7474108915010267,
        "FAR": 0.35284933857362005,
        "Accuracy": 0.9961526489257813,
        "F1": 0.6903794662112928
      }
    }
  }
}